{
  "Earth": {
    "a": 1.495978875e8,
    "e": 0.01671022,
    "i": 0.0,
    "raan": 0.0,
    "arg_p": 102.94719,
    "mu": 3.986004418e5
  },
  "Mars": {
    "a": 2.279392e8,
    "e": 0.09341233,
    "i": 1.85,
    "raan": 49.57854,
    "arg_p": 286.5016,
    "mu": 4.282837e4
  },
  "Moon": {
    "a": 384400.0,
    "e": 0.0549,
    "i": 5.145,
    "raan": 125.08,
    "arg_p": 318.15,
    "mu": 4.9048695e3
  },
  "Mercury": {
    "a": 5.790905e7,
    "e": 0.20563069,
    "i": 7.00487,
    "raan": 48.33167,
    "arg_p": 77.45645,
    "mu": 2.203208e4
  },
  "Venus": {
    "a": 1.0820893e8,
    "e": 0.00677323,
    "i": 3.39471,
    "raan": 76.68069,
    "arg_p": 131.53298,
    "mu": 3.24859e5
  },
  "Jupiter": {
    "a": 7.785472e8,
    "e": 0.048775,
    "i": 1.3053,
    "raan": 100.55615,
    "arg_p": 14.75385,
    "mu": 1.26686534e8
  },
  "Saturn": {
    "a": 1.43344937e9,
    "e": 0.05415,
    "i": 2.48446,
    "raan": 113.71504,
    "arg_p": 92.43194,
    "mu": 3.7931187e7
  }
}
