{
  "Earth": {
    "a": 1.495978875e8,
    "e": 0.01671022,
    "i": 0.0,
    "raan": 0.0,
    "arg_p": 102.94719,
    "mu": 3.986004418e5
  },
  "Mars": {
    "a": 2.279392e8,
    "e": 0.09341233,
    "i": 1.85,
    "raan": 49.57854,
    "arg_p": 286.5016,
    "mu": 4.282837e4
  },
  "Moon": {
    "a": 384400.0,
    "e": 0.0549,
    "i": 5.145,
    "raan": 125.08,
    "arg_p": 318.15,
    "mu": 4.9048695e3
  }
}
